{"stats":{"minecraft:custom":{"minecraft:time_since_rest":129005,"minecraft:crouch_one_cm":1492,"minecraft:play_time":129005,"minecraft:sprint_one_cm":15278,"minecraft:walk_one_cm":206528,"minecraft:sneak_time":3354,"minecraft:mob_kills":3,"minecraft:leave_game":1,"minecraft:jump":261,"minecraft:damage_dealt":811,"minecraft:time_since_death":129005,"minecraft:total_world_time":184165,"minecraft:fly_one_cm":955970},"minecraft:killed":{"minecraft:horse":3},"minecraft:picked_up":{"minecraft:leather":2,"minecraft:lever":7,"minecraft:redstone_torch":19,"minecraft:redstone":19},"minecraft:used":{"minecraft:glass":4,"minecraft:redstone_torch":103,"minecraft:sticky_piston":2,"minecraft:oak_trapdoor":3,"minecraft:black_terracotta":5,"minecraft:lever":46,"minecraft:netherite_sword":10,"minecraft:sea_lantern":5,"minecraft:coal_block":354,"minecraft:repeater":129,"minecraft:redstone_lamp":12,"minecraft:comparator":4,"minecraft:birch_slab":6,"minecraft:birch_planks":109,"minecraft:iron_block":13,"minecraft:grass_block":66,"minecraft:dark_oak_sign":1,"minecraft:redstone":1218,"minecraft:birch_sign":6,"minecraft:quartz_block":552,"minecraft:oak_planks":149,"minecraft:oak_sign":13,"minecraft:gold_block":28,"minecraft:redstone_block":9,"minecraft:splash_potion":7,"minecraft:deepslate_tile_wall":8}},"DataVersion":3337}